{"cameraMode":{"drawMode":0,"name":"Shaded","section":"Shading Mode"},"sceneLighting":true,"audioPlay":false,"sceneViewState":{"showFog":true,"showMaterialUpdate":true,"showSkybox":true,"showFlares":true,"showImageEffects":true,"showParticleSystems":true},"in2DMode":false,"pivot":{"x":12.022173881530762,"y":2.8877053260803224,"z":14.453975677490235},"rotation":{"x":0.015758536756038667,"y":0.29778429865837099,"z":-0.004915662109851837,"w":0.9544904828071594},"size":11.008318901062012,"orthographic":false}