{"cameraMode":{"drawMode":0,"name":"Shaded","section":"Shading Mode"},"sceneLighting":true,"audioPlay":false,"sceneViewState":{"showFog":true,"showMaterialUpdate":true,"showSkybox":true,"showFlares":true,"showImageEffects":true,"showParticleSystems":true},"in2DMode":false,"pivot":{"x":-11.565234184265137,"y":1.7032707929611207,"z":9.35125732421875},"rotation":{"x":-0.03387007489800453,"y":0.18923957645893098,"z":-0.006531380116939545,"w":-0.9813249111175537},"size":7.443046569824219,"orthographic":false}